{"cameraMode":{"drawMode":0,"name":"Shaded","section":"Shading Mode"},"sceneLighting":false,"audioPlay":false,"sceneViewState":{"m_AlwaysRefresh":false,"showFog":true,"showSkybox":true,"showFlares":true,"showImageEffects":true,"showParticleSystems":true,"showVisualEffectGraphs":true,"m_FxEnabled":true},"in2DMode":false,"pivot":{"x":66.16938018798828,"y":59.433258056640628,"z":34.12080383300781},"rotation":{"x":0.14274360239505769,"y":-0.7578806281089783,"z":0.17717035114765168,"w":0.6115545630455017},"size":38.204559326171878,"orthographic":false}