{"cameraMode":{"drawMode":0,"name":"Shaded","section":"Shading Mode"},"sceneLighting":false,"audioPlay":false,"sceneViewState":{"showFog":true,"showMaterialUpdate":false,"showSkybox":true,"showFlares":true,"showImageEffects":true,"showParticleSystems":true},"in2DMode":false,"pivot":{"x":-13.58853530883789,"y":10.509069442749024,"z":-53.91667938232422},"rotation":{"x":0.07969138026237488,"y":-0.8149974346160889,"z":0.11578058451414108,"w":0.5622895359992981},"size":38.204559326171878,"orthographic":false}